Asset,Description,Pointsize,Currency,Class,Region,IB Sym,Exchange,IB Mult,MC Symbol,Data,,
SOYOIL,Soybean oil,600,USD,Ags,US,ZL,CBOT,600,"@BO#C	",1984,,
SOYMEAL,Soybean Meal,100,USD,Ags,US,ZM,CBOT,100,"@SM#C	",1984,,
COCOA,Cocoa NY,10,USD,Ags,US,CC,NYBOT,10,@CC#C,1993,,
COTTON2,Cotton #2,500,USD,Ags,US,CT,NYBOT,500,"@CT#C	",1994,,
LEANHOG,Lean hogs,400,USD,Ags,US,HE,CME,400,"@HE#C	",1994,,
COFFEE,Coffee,375,USD,Ags,US,KC,NYBOT,375,@KC#C,1994,,
REDWHEAT,Hard Red Winter Wheat -KCBOT-,50,USD,Ags,US,KE,CBOT,50,"@KW#C	",1994,,
LIVECOW,Live cattle,400,USD,Ags,US,LE,CME,400,"@LE#C	",1994,,
SUGAR11,Sugar #11,1120,USD,Ags,US,SB,NYBOT,1120,"@SB#C	",1994,,
CORN,Corn,50,USD,Ags,US,ZC,CBOT,50,@C#C,1995,,
RICE,Rough Rice,2000,USD,Ags,US,ZR,CBOT,2000,"@RR#C	",1995,,
SUGAR_WHITE,White sugar,50,USD,Ags,EMEA,W,ICEEUSOFT,50,"QW#C	",1997,,
FEEDCOW,Feeder cattle,500,USD,Ags,US,GF,CME,500,"@GF#C	",2001,,
ROBUSTA,Robusta Coffee,10,USD,Ags,EMEA,D,ICEEUSOFT,10,"LRC#C	",2005,,
MILLWHEAT,Milling Wheat Futures,50,EUR,Ags,EMEA,EBM,MATIF,50,"PM#C	",2005,,
SOYBEAN_mini,Soybean mini,10,USD,Ags,US,YK,CBOT,10,"@YK#C	",2007,,
WHEAT_mini,Wheat mini,10,USD,Ags,US,YW,CBOT,10,"@YW#C	",2008,,
US10,US 10 year bond note,1000,USD,Bond,US,ZN,CBOT,1000,"@TY#C	",1983,,
US30,Ultra Treasury Bond,1000,USD,Bond,US,UB,CBOT,1000,"@US#C	",1984,,
BUND,German 10 year bond Bund,1000,EUR,Bond,EMEA,GBL,EUREX,1000,"BD#C	",1998,,
BUXL,German Buxl 15 to 30 year bond,1000,EUR,Bond,EMEA,GBX,EUREX,1000,"BX#C	",2005,,
GILT,UK 10 year bonds Long Gilt,1000,GBP,Bond,EMEA,R,ICEEU,1000,"LG#C	",2005,,
BTP,Italian 10 year bond BTP,1000,EUR,Bond,EMEA,BTP,EUREX,1000,"BTP#C	",2009,,
DAX,Micro DAX 30 Index (Deutsche Aktien Xchange 30),1,EUR,Equity,EMEA,DAX,EUREX,1,XG#C,1990,,
SP500_micro,S&P 500 micro,5,USD,Equity,US,MES,CME,5,"@ES#C	",1998,,
NASDAQ_micro,NASDAQ micro,2,USD,Equity,US,MNQ,CME,2,"@NQ#C	",1999,,
CAC,French equity index CAC40,10,EUR,Equity,EMEA,CAC40,MONEP,10,"MT#C	",1999,,
DOW,Micro E-Mini Dow Jones Industrial Average Index,0.5,USD,Equity,US,MYM,CBOT,0.5,@YM,2002,,
RUSSELL,Micro E-Mini Russell 2000 Index,5,USD,Equity,US,M2K,CME,5,"@RTY#C	",2003,,
SMI,Micro Swiss equity index SMI,1,CHF,Equity,EMEA,SMI,EUREX,10,"SW#C	",2004,,
AEX,Netherlands equity index AEX,200,EUR,Equity,EMEA,EOE,FTA,200,AEX,2006,,
FTSECHINAA,FTSE/Xinhua China A50,1,USD,Equity,ASIA,XINA50,SGX,1,CN#C,2006,,
EURO600,Dow Jones STOXX 600 Index,50,EUR,Equity,EMEA,DJ600,EUREX,50,"XXP#C	",2011,,
MSCIASIA,MSCI Emerging Markets Asia,100,USD,Equity,EMEA,M1MS,EUREX,100,"MEA#C	",2015,,
FANG,NYSE FANG index,5,USD,Equity,US,NYFANG,NYBOT,5,"@FNG#C	",2017,,
GBP,GBPUSD currency,62500,USD,FX,US,GBP,CME,62500,@BP#C,1995,,
BRE,BREUSD currency,100000,USD,FX,US,BRE,CME,100000,"@BR#C	",1995,,
CAD,CADUSD currency,100000,USD,FX,US,CAD,CME,100000,@CD#C,1995,,
JPY,JPYUSD currency,12500000,USD,FX,US,JPY,CME,12500000,@JY#C,1995,,
MXP,MEXUSD currency,500000,USD,FX,US,MXP,CME,500000,@PX#C,1995,,
CHF,CHFUSD currency,125000,USD,FX,US,CHF,CME,125000,@SF#C,1995,,
NZD,NZDUSD currency,100000,USD,FX,US,NZD,CME,100000,@NE#C,1997,,
EUR,EURUSD currency,125000,USD,FX,US,EUR,CME,125000,@EU#C,1999,,
YENEUR,YENEUR currency,125000,JPY,FX,US,RY,CME,125000,@RY#C,1999,,
AUD_micro,AUDUSD micro,10000,USD,FX,US,M6A,CME,10000,"@M6A#C	",2009,,
SILVER,NYMEX Silver Index,1000,USD,Metals,US,SI,COMEX,1000,QSI#C,1991,,
PLAT,Platinum,50,USD,Metals,US,PL,NYMEX,50,QPL#C,1994,,
COPPER-micro,Copper micro,2500,USD,Metals,US,MHG,COMEX,2500,"@QC#C	",2006,,
GOLD_micro,Gold micro,10,USD,Metals,US,MGC,COMEX,10,"@QO#C	",2006,,
IRON,SGX TSI Iron Ore Futures,100,USD,Metals,ASIA,SCI,SGX,100,SFE#C,2015,,
GASOILINE,RBOB Gasoline US (Micro),4200,USD,OilGas,US,MRB,NYMEX,4200,QRB#C,1984,,
GAS_US_mini,Natural gas US mini,2500,USD,OilGas,US,QG,NYMEX,2500,QNG#C,1993,,
CRUDE_W_micro,micro WTI crude oil,100,USD,OilGas,US,MCL,NYMEX,100,"@QM#C	",2004,,
EU-OIL,Dow Jones STOXX 600 Oil & Gas,50,EUR,Sector,EMEA,SXEP,EUREX,50,"SEE#C	",2007,,
EU-INSURE,Dow Jones STOXX 600 Insurance,50,EUR,Sector,EMEA,SXIP,EUREX,50,"STN#C	",2007,,
EU-BASIC,Dow Jones STOXX 600 Basic Resources Index,50,EUR,Sector,EMEA,SXPP,EUREX,50,"STS#C	",2007,,
EU-UTILS,Dow Jones STOXX 600 Utilities,50,EUR,Sector,EMEA,SX6P,EUREX,50,"STU#C	",2007,,
EU-BANKS,Dow Jones Euro STOXX Banks Index,50,EUR,Sector,EMEA,SX7E,EUREX,50,TA#C,2007,,
EU-AUTO,Dow Jones STOXX 600 Automobiles & Parts,50,EUR,Sector,EMEA,SXAP,EUREX,50,"TF#C	",2007,,
EU-HEALTH,Dow Jones STOXX 600 Healthcare,50,EUR,Sector,EMEA,SXDP,EUREX,50,"TJ#C	",2007,,
EU-TECH,Dow Jones STOXX 600 Technology,50,EUR,Sector,EMEA,SX8P,EUREX,50,"TX#C	",2007,,
US-MATERIAL,Materials Select Sector Index,100,USD,Sector,US,IXB,CME,100,"@XAB#C	",2011,,
US-ENERGY,Energy Select Sector Index,100,USD,Sector,US,IXE,CME,100,"@XAE#C	",2011,,
US-FINANCE,Financial Select Sector Index,250,USD,Sector,US,IXM,CME,250,"@XAF#C	",2011,,
US-INDUSTRY,Industrial Select Sector Index,100,USD,Sector,US,IXI,CME,100,"@XAI#C	",2011,,
US-STAPLES,Consumer Staples Select Sector Index,100,USD,Sector,US,IXR,CME,100,"@XAP#C	",2011,,
US-UTILS,Utilities Select Sector Index,100,USD,Sector,US,IXU,CME,100,"@XAU#C	",2011,,
US-HEALTH,Health Care Select Sector Index,100,USD,Sector,US,IXV,CME,100,"@XAV#C	",2011,,
US-PROPERTY,Real Estate Select Sector Index,250,USD,Sector,US,IXRE,CME,250,"@XAR#C	",2016,,
VIX_mini,Vol US equity VIX mini,100,USD,Vol,US,VXM,CFE,100,"@VX#C	",2005,,
V2X,Vol European equity V2X,100,EUR,Vol,EMEA,V2TX,EUREX,100,FVS#C,2009,,