Asset,Description,Pointsize,Currency,Class,Region,IB Sym,Data Symbol,Exchange,IB Mult,MC Symbol,Data
CAC,French equity index CAC40,10,EUR,Equity,EMEA,CAC40,FCE,MONEP,10,"MT#C	",1999
CAD,CADUSD currency,100000,USD,FX,US,CAD,6C,CME,100000,@CD#C,1995
CHF,CHFUSD currency,125000,USD,FX,US,CHF,6S,CME,125000,@SF#C,1995
COTTON2,Cotton #2,500,USD,Ags,US,CT,CT,NYBOT,500,"@CT#C	",1994
ROBUSTA,Robusta Coffee,10,USD,Ags,EMEA,D,LRC,ICEEUSOFT,10,"LRC#C	",2005
DAX,Micro DAX 30 Index (Deutsche Aktien Xchange 30),1,EUR,Equity,EMEA,DAX,FDAX,EUREX,1,XG#C,1990
EUR,EURUSD currency,125000,USD,FX,US,EUR,6E,CME,125000,@EU#C,1999
GBP,GBPUSD currency,62500,USD,FX,US,GBP,6B,CME,62500,@BP#C,1995
FEEDCOW,Feeder cattle,500,USD,Ags,US,GF,GF,CME,500,"@GF#C	",2001
LEANHOG,Lean hogs,400,USD,Ags,US,HE,HE,CME,400,"@HE#C	",1994
JPY,JPYUSD currency,12500000,USD,FX,US,JPY,6J,CME,12500000,@JY#C,1995
COFFEE,Coffee,375,USD,Ags,US,KC,KC,NYBOT,375,@KC#C,1994
REDWHEAT,Hard Red Winter Wheat -KCBOT-,50,USD,Ags,US,KE,KE,CBOT,50,"@KW#C	",1994
LIVECOW,Live cattle,400,USD,Ags,US,LE,LE,CME,400,"@LE#C	",1994
RUSSELL,Micro E-Mini Russell 2000 Index,5,USD,Equity,US,M2K,RTY,CME,5,"@RTY#C	",2003
AUD_micro,AUDUSD micro,10000,USD,FX,US,M6A,6A,CME,10000,"@M6A#C	",2009
CRUDE_W_micro,micro WTI crude oil,100,USD,OilGas,US,MCL,WBS,NYMEX,100,"@QM#C	",2004
SP500_micro,S&P 500 micro,5,USD,Equity,US,MES,ES,CME,5,"@ES#C	",1998
GOLD_micro,Gold micro,10,USD,Metals,US,MGC,GC,COMEX,10,"@QO#C	",2006
COPPER-micro,Copper micro,2500,USD,Metals,US,MHG,HG,COMEX,2500,"@QC#C	",2006
NASDAQ_micro,NASDAQ micro,2,USD,Equity,US,MNQ,NQ,CME,2,"@NQ#C	",1999
GASOILINE,RBOB Gasoline US (Micro),4200,USD,OilGas,US,MRB,RB,NYMEX,4200,QRB#C,1984
MXP,MEXUSD currency,500000,USD,FX,US,MXP,6M,CME,500000,@PX#C,1995
DOW,Micro E-Mini Dow Jones Industrial Average Index,0.5,USD,Equity,US,MYM,YM,CBOT,0.5,@YM,2002
NZD,NZDUSD currency,100000,USD,FX,US,NZD,6N,CME,100000,@NE#C,1997
PLAT,Platinum,50,USD,Metals,US,PL,PL,NYMEX,50,QPL#C,1994
SUGAR11,Sugar #11,1120,USD,Ags,US,SB,SB,NYBOT,1120,"@SB#C	",1994
SILVER,NYMEX Silver Index,1000,USD,Metals,US,SI,SI,COMEX,1000,QSI#C,1991
SMI,Micro Swiss equity index SMI,1,CHF,Equity,EMEA,SMI,FSMI,EUREX,10,"SW#C	",2004
US30,Ultra Treasury Bond,1000,USD,Bond,US,UB,UB,CBOT,1000,"@US#C	",1984
VIX_mini,Vol US equity VIX mini,100,USD,Vol,US,VXM,VX,CFE,100,"@VX#C	",2005
SUGAR_WHITE,White sugar,50,USD,Ags,EMEA,W,LSU,ICEEUSOFT,50,"QW#C	",1997
FTSECHINAA,FTSE/Xinhua China A50,1,USD,Equity,ASIA,XINA50,SCN,SGX,1,CN#C,2006
SOYBEAN_mini,Soybean mini,10,USD,Ags,US,YK,ZS,CBOT,10,"@YK#C	",2007
WHEAT_mini,Wheat mini,10,USD,Ags,US,YW,ZW,CBOT,10,"@YW#C	",2008
CORN,Corn,50,USD,Ags,US,ZC,ZC,CBOT,50,@C#C,1995
SOYOIL,Soybean oil,600,USD,Ags,US,ZL,ZL,CBOT,600,"@BO#C	",1984
SOYMEAL,Soybean Meal,100,USD,Ags,US,ZM,ZM,CBOT,100,"@SM#C	",1984
US10,US 10 year bond note,1000,USD,Bond,US,ZN,ZN,CBOT,1000,"@TY#C	",1983
RICE,Rough Rice,2000,USD,Ags,US,ZR,ZR,CBOT,2000,"@RR#C	",1995
